faction,unit,cost,per_round_top,per_round_bottom,top_over_bottom,total_top,total_bottom,rounds_top,rounds_bottom
Alien,Shrimp,160,108.85,65.57,1.66,60955,7213,560,110
Alien,Crab,80,95.45,86.88,1.1,53451,9557,560,110
Alien,Shocker,220,82.19,52.7,1.56,46028,5797,560,110
Alien,Behemoth,1200,35.76,14.4,2.48,20024,1584,560,110
Alien,Scorpion,1600,18.78,8.2,2.29,10517,902,560,110
Alien,Dragonfly,400,15.71,18.46,0.85,8800,2031,560,110
Alien,Wasp,200,13.91,19.55,0.71,7787,2150,560,110
Alien,Squid,120,13.18,10.83,1.22,7382,1191,560,110
Alien,Hunter,500,10.26,10.87,0.94,5743,1196,560,110
Alien,Horned Crab,160,9.91,15.78,0.63,5548,1736,560,110
Alien,Goliath,4000,7.65,6.19,1.24,4282,681,560,110
Alien,Firebug,2400,5.44,4.35,1.25,3046,479,560,110
Alien,Defiler,4200,3.84,1.63,2.36,2152,179,560,110
Alien,Colossus,6000,2.87,0.96,2.98,1606,106,560,110
Alien,Queen,12000,1.01,1.05,0.96,564,115,560,110
Alien,Worm,0,0.45,0.42,1.08,252,46,560,110
Centauri,Trooper,40,29.51,22.36,1.32,20065,2124,680,95
Centauri,Juggernaut,180,26.08,19.19,1.36,17734,1823,680,95
Centauri,Templar,360,23.05,13.23,1.74,15672,1257,680,95
Centauri,Assault Car,800,20.05,9.85,2.03,13632,936,680,95
Centauri,Militia,30,15.95,17.54,0.91,10845,1666,680,95
Centauri,Strike Tank,800,13.83,10.81,1.28,9405,1027,680,95
Centauri,Light Raider,300,12.92,10.04,1.29,8784,954,680,95
Centauri,Harvester (legacy),0,12.73,6.43,1.98,8659,611,680,95
Centauri,Marksman,120,11.43,11.54,0.99,7775,1096,680,95
Centauri,Heavy Raider,500,10.62,6.81,1.56,7221,647,680,95
Centauri,Crimson Tank,4500,7.7,2.19,3.52,5239,208,680,95
Centauri,Flak Car,1100,6.6,3.86,1.71,4489,367,680,95
Centauri,Heavy Tank,4000,6.58,3.0,2.19,4472,285,680,95
Centauri,Hover Bike,0,6.15,7.09,0.87,4180,674,680,95
Centauri,Combat Tank,1800,6.13,2.8,2.19,4168,266,680,95
Centauri,Dreadnought,3500,5.11,1.88,2.71,3473,179,680,95
Centauri,Rocket Tank,3000,4.74,1.25,3.78,3222,119,680,95
Centauri,Squad Transport,300,3.87,4.2,0.92,2631,399,680,95
Centauri,Interceptor,3000,2.73,2.11,1.3,1855,200,680,95
Centauri,Freighter,5000,1.43,0.66,2.16,972,63,680,95
Centauri,Pyro Tank,1800,1.36,1.22,1.12,928,116,680,95
Centauri,Shuttle,2400,1.06,0.91,1.17,720,86,680,95
Centauri,Sports Car,0,0.1,0.09,1.02,66,9,680,95
Sol,Rifleman,40,27.92,18.38,1.52,17087,2352,612,128
Sol,Heavy,180,24.85,14.9,1.67,15209,1907,612,128
Sol,Scout,30,17.17,16.44,1.04,10506,2104,612,128
Sol,Sniper,120,16.39,11.66,1.41,10030,1493,612,128
Sol,Commando,360,14.56,6.95,2.09,8912,890,612,128
Sol,Light Striker,800,14.26,9.94,1.44,8728,1272,612,128
Sol,Light Quad,300,13.04,8.01,1.63,7982,1025,612,128
Sol,Harvester (legacy),0,12.76,6.27,2.04,7810,802,612,128
Sol,Heavy Striker,1100,8.57,9.92,0.86,5242,1270,612,128
Sol,Railgun Tank,4000,8.17,3.55,2.3,4998,454,612,128
Sol,Heavy Quad,500,8.01,6.34,1.26,4905,812,612,128
Sol,Hover Tank,1800,7.17,4.82,1.49,4388,617,612,128
Sol,AA Truck,1100,6.73,3.09,2.18,4121,395,612,128
Sol,Siege Tank,4500,6.31,1.7,3.72,3861,217,612,128
Sol,Gunship,2000,6.0,3.49,1.72,3673,447,612,128
Sol,Hover Bike,0,5.56,4.25,1.31,3401,544,612,128
Sol,Platoon Hauler,600,3.56,3.88,0.92,2177,497,612,128
Sol,Barrage Truck,3000,3.48,2.34,1.49,2132,300,612,128
Sol,Light Raider,300,1.94,1.83,1.06,1190,234,612,128
Sol,Pulse Truck,1800,1.58,0.88,1.79,965,113,612,128
Sol,Bomber,5000,1.33,0.59,2.28,817,75,612,128
Sol,Dropship,2400,1.16,1.23,0.94,707,158,612,128
Sol,Fighter,3000,1.09,0.99,1.1,669,127,612,128
Sol,Sports Car,0,0.09,0.12,0.71,54,16,612,128
Wildlife,Shrimp,160,50.6,0,,253,0,5,0
Wildlife,Scorpion,1600,29.0,0,,145,0,5,0
Wildlife,Hunter,500,26.0,0,,130,0,5,0
Wildlife,Behemoth,1200,20.8,0,,104,0,5,0
Wildlife,Crab,80,15.0,0,,75,0,5,0
Wildlife,Worm,0,10.2,0,,51,0,5,0
Wildlife,Shocker,220,9.8,0,,49,0,5,0
Wildlife,Squid,120,6.6,0,,33,0,5,0
